{"cameraMode":{"drawMode":0,"name":"Shaded","section":"Shading Mode"},"sceneLighting":true,"audioPlay":false,"sceneViewState":{"showFog":false,"showMaterialUpdate":false,"showSkybox":false,"showFlares":false,"showImageEffects":false,"showParticleSystems":false,"showVisualEffectGraphs":true,"m_FxEnabled":true},"in2DMode":false,"pivot":{"x":50.9728889465332,"y":-215.66075134277345,"z":223.24600219726563},"rotation":{"x":0.40254685282707217,"y":0.012153055518865586,"z":-0.005308856256306171,"w":0.9153663516044617},"size":181.56063842773438,"orthographic":false}