{"cameraMode":{"drawMode":0,"name":"Shaded","section":"Shading Mode"},"sceneLighting":false,"audioPlay":false,"sceneViewState":{"showFog":false,"showMaterialUpdate":false,"showSkybox":false,"showFlares":false,"showImageEffects":false,"showParticleSystems":false},"in2DMode":false,"pivot":{"x":53.22905349731445,"y":44.19282150268555,"z":-43.30524826049805},"rotation":{"x":0.04048239812254906,"y":0.014377247542142868,"z":0.0005829771980643272,"w":-0.9990766644477844},"size":59.82593536376953,"orthographic":false}